{
  "input": {
    "placeholder": "saisir",
    "invalid": "invalide",
    "required": "Ce champs est requis",
    "min6": "Ce champs doit contenir au moins 6 caractères",
    "no conform": "Les mots de passe ne correspondent pas",
    "placeholder message": "Saisir votre message",
    "email": "Email",
    "password": "Mot de passe",
    "confirm password": "Confirmer le mot de passe",
    "username": "Nom d'utilisateur",
    "tel": "Téléphone",
    "search": "Rechercher",
    "search for user": "Rechercher un utilisateur",
    "type message": "Saisir votre message",
    "title": "Titre",
    "fill all fields": "Veuillez remplir tous les champs",
    "old password": "Ancien mot de passe",
    "new password": "Nouveau mot de passe"
  },
  "toast": {
    "failed": "Opération échouée",
    "success": "Opération réussie",
    "error": "Erreur rencontrée",
    "loading": "En cours",
    "brand already exist": "Cette marque existe déjà",
    "auth": {
      "success": "Vous êtes connectés avec succès",
      "failed": "Echec de la connexion",
      "logout": "Vous êtes déconnectés avec succès",

      "password invalid": "Mot de passe invalide",
      "email invalid": "Email invalide",
      "email not found": "Email non trouvé",
      "user not exist": "Compte inexistant, veuillez en créer un",
      "user not admin": "Ce compte n'est ni l'admin ni un personnel"
    }
  },

  "button": {
    "cancel": "Annuler",
    "save": "Enregistrer",
    "delete": "Supprimer",
    "edit": "Modifier",
    "add": "Ajouter",
    "close": "Fermer",
    "validate": "Valider",
    "next": "Suivant",
    "previous": "Précédent",
    "publish": "Publier",
    "save and publish": "Enregistrer et publier",
    "save and continue": "Enregistrer et continuer",
    "send": "Envoyer",
    "bid now": "Faire une offre",
    "account": "Compte",
    "sign up": "Inscription",
    "logout": "Déconnexion",
    "login": "Connexion",
    "new blog": "Nouveau blog",
    "edit blog": "Modifier le blog",
    "update password": "Mettre à jour le mot de passe"
  },
  "quotes": {
    "big title": "Achetez Votre Voiture avec"
  },
  "text": {
    "update your password": "Mettre à jour votre mot de passe",
    "profile": "Profil",
    "terms and conditions": "Conditions générales",
    "privacy policy": "Politique de confidentialité",
    "password forget": "Mot de passe oublié",
    "home": "Accueil",
    "auctions": "Enchères",
    "bids": "Offres",
    "users": "Utilisateurs",
    "staffs": "Personnels",
    "data": "Données",
    "chat": "Chat",
    "address": "Adresse",
    "settings": "Paramètres",
    "my auctions": "Mes enchères",
    "my bids": "Mes offres",
    "wishlist": "Liste de souhaits",
    "new auction": "Nouvelle enchère",
    "days": "Jours",
    "blogs": "Blogs",
    "hours": "Heures",
    "minutes": "Minutes",
    "seconds": "Secondes",
    "week": "Semaine",
    "weeks": "Semaines",
    "bidders": "Offreurs",
    "auctioneers": "Enchérisseurs",
    "no data": "Aucune donnée",
    "add time": "Ajouter du temps",
    "add brand": "Ajouter une marque",
    "add model": "Ajouter un modèle",
    "change image": "Changer l'image",
    "import data": "Importer des données",
    "export data": "Exporter des données",
    "make winner": "Choisir le gagnant",
    "chose brand": "Choisir une marque",
    "undefined": "Non défini",
    "fr": "Français",
    "en": "Anglais",
    "warning": "Attention",
    "click or drag": "Cliquez ou glissez les images ici",
    "modal delete": "Voulez-vous vraiment supprimer cet élément ?",
    "modal confirm": "Voulez-vous vraiment confirmer cette action ?"
  },
  "table": {
    "id": "ID",
    "name": "Nom",
    "email": "Email",
    "phone": "Téléphone",
    "tel": "Téléphone",
    "date": "Date",
    "status": "Statut",
    "action": "Action",
    "actions": "Actions",
    "title": "Titre",
    "number of bids": "Nombre d'offres",
    "numero": "Numéro",
    "price": "Prix",
    "value": "Valeur",
    "time left": "Temps restant",
    "expired": "Expiré",
    "auction": "Enchère",
    "auctions": "Enchères",
    "bidder": "Offreur",
    "date pub": "Date pub",
    "bids": "Offres",
    "expected price": "Prix attendu",
    "latest bid": "Dernière offre",
    "auctioneer": "Enchérisseur",
    "completed at": "Terminé",
    "starting price": "Prix de départ",
    "commission": "Commission",
    "ended at": "Terminé",
    "active": "Actif",
    "username": "Nom d'utilisateur",
    "buildYear": "Année de construction",
    "logo": "Logo",
    "models": "Modèles",
    "brand": "Marque",
    "brands": "Marques",
    "model": "Modèle",
    "country": "Pays",
    "city": "Ville",
    "description": "Description",
    "image": "Image",
    "zip": "Code postal",
    "lang": "Langue"
  },
  "tooltip": {
    "contact": "contact",
    "cancel winner": "Annuler le gagnant"
  }
}
