{
  "settings": {
    "new bidder": "Les nouveaux comptes des enchérisseurs doivent être approuvés par un administrateur",
    "language": "Langue",
    "currency": "Devise"
  },
  "admin": {
    "text": {
      "auction page title": "Gestion des enchères",
      "bids page title": "Gestion des enchères",
      "users page title": "Gestion des utilisateurs",
      "blog page title": "Gestion des blogs"
    }
  },
  "auctioneer": {
    "new auction card": {
      "title": "Rejoignez l'excitation : créez votre propre enchère et regardez les enchères arriver !",
      "button": "Créer une enchère"
    }
  },
  "bidder": {
    "filter": {
      "new": "Nouveau",
      "feature": "En vedette",
      "trending": "Tendance",
      "buy now": "Acheter maintenant"
    }
  },
  "auction": {
    "steps": {
      "title": "Vous voulez vendre votre voiture ?",
      "identify": "Identifier",
      "specs": "Spécifications",
      "options": "Options",
      "rating": "Évaluation",
      "validation": "Validation",
      "login/registration": "Connexion/Inscription",
      "finalisation": "Finalisation"
    },
    "fields": {
      "brand": "Marque",
      "model": "Modèle",
      "build year": "Année de fabrication",
      "fuel": "Carburant",
      "mileage": "Kilométrage",
      "doors": "Portes",
      "carossery": "Carrosserie",
      "transmission": "Transmission",
      "engine size": "Cylindrée",
      "horse power": "Puissance",
      "co2 emission": "Émission de CO2",
      "version": "Version",
      "exterior": "Extérieur",
      "interior": "Intérieur",
      "tires": "Pneus",
      "handling": "Maniabilité",
      "name": "Nom de l'auction",
      "description": "Description",
      "description description": "Décrivez votre voiture, ses options, son état, etc.",
      "pick photos": "Choisissez des photos",
      "expected price": "Prix attendu",
      "auction duration": "Durée de l'enchère",
      "address": "Adresse",
      "address description": "Adresse de la voiture",
      "city": "Ville",
      "zip code": "Code postal",
      "country": "Pays",
      "color": "Couleur",
      "commission": "Commission",
      "starting price": "Prix de départ"
    },
    "duration": {
      "1 week": "1 semaine",
      "2 weeks": "2 semaines",
      "3 days": "3 jours"
    },
    "option title": "Cocher les critères de votre voiture",
    "text": {
      "optionals": "Optionnels",
      "initial bid": "Enchère de départ",
      "starting price": "Prix de départ",
      "current bid": "Enchère actuelle",
      "description": "Description",
      "check options": "Cocher les options de votre voiture",
      "sign up success": "Votre compte a été créé avec succès",
      "incremental text": "L'enchère sera augmentée de",
      "welcome, please login": "Bienvenue, veuillez vous connecter à votre compte",
      "don't have an account": "Vous n'avez pas un compte ?",
      "you do have an account": "Vous avez un compte ?"
    },
    "status": {
      "active": "En cours",
      "finished": "Terminé",
      "cancelled": "Annulé",
      "pending": "En attente",
      "sold": "Vendu",
      "not sold": "Non vendu",
      "completed": "Terminé",
      "published": "Publié",
      "paused": "En pause",
      "pause": "En pause",
      "confirmation": "Confirmation"
    },
    "color": {
      "red": "Rouge",
      "blue": "Bleu",
      "green": "Vert",
      "yellow": "Jaune",
      "orange": "Orange",
      "purple": "Violet",
      "pink": "Rose",
      "black": "Noir",
      "white": "Blanc",
      "grey": "Gris",
      "brown": "Marron",
      "gold": "Or",
      "silver": "Argent",
      "other": "Autre",
      "beige": "Beige",
      "maroon": "Bordeaux"
    },
    "type of car": {
      "sedan": "Berline",
      "coupe": "Coupé",
      "convertible": "Cabriolet",
      "hatchback": "Break",
      "wagon": "Monospace",
      "suv": "SUV",
      "van": "Fourgon",
      "truck": "Camion",
      "other": "Autre"
    },
    "options": {
      "airco": "Climatisation",
      "airbags": "Airbags",
      "electric_windows": "Fenêtres électriques",
      "electric_mirrors": "Rétroviseurs électriques",
      "climate_control": "Climatisation automatique",
      "cruise_control": "Régulateur de vitesse",
      "parking_sensors": "Capteurs de stationnement",
      "panoramic_roof_or_open_roof": "Toit ouvrant",
      "central_locking": "Verrouillage centralisé",
      "xenon_lighting": "Xénon",
      "light_alloy_wheels": "Jantes alliage",
      "four_by_four": "4x4",
      "power_steering": "Direction assistée",
      "radio_cd": "Radio CD",
      "on_board_computer": "Ordinateur de bord",
      "parking_camera": "Caméra de recul",
      "start_stop": "Start/Stop",
      "abs": "ABS",
      "tow_hook": "Crochet d'attelage",
      "dead_angle_detection": "Détection de zone morte"
    },
    "carossery": {
      "sedan": "Berline",
      "coupe": "Coupé",
      "convertible": "Cabriolet",
      "hatchback": "Break",
      "wagon": "Monospace",
      "suv": "SUV",
      "van": "Fourgon",
      "truck": "Camion",
      "break": "Break",
      "minivan": "Minibus",
      "minibus": "Minibus",
      "off-road": "4x4",
      "pickup truck": "Pick-up",
      "45 km auto": "45 km auto",
      "other": "Autre"
    },
    "transmission": {
      "automatic": "Automatique",
      "manual": "Manuelle",
      "semi-automatic": "Semi-automatique"
    },
    "fuel": {
      "diesel": "Diesel",
      "petrol": "Essence",
      "electric": "Electrique",
      "hybrid": "Hybride"
    },
    "rating text": {
      "handling": {
        "1": "Très mauvais",
        "2": "Mauvais",
        "3": "Moyen",
        "4": "Bon",
        "5": "Très bon",
        "undefined": "Non évalué"
      },
      "exterior": {
        "1": "Très mauvais",
        "2": "Mauvais",
        "3": "Moyen",
        "4": "Bon",
        "5": "Très bon",
        "undefined": "Non évalué"
      },
      "interior": {
        "1": "Très mauvais",
        "2": "Mauvais",
        "3": "Moyen",
        "4": "Bon",
        "5": "Très bon",
        "undefined": "Non évalué"
      },
      "tires": {
        "1": "Très mauvais",
        "2": "Mauvais",
        "3": "Moyen",
        "4": "Bon",
        "5": "Très bon",
        "undefined": "Non évalué"
      }
    }
  }
}
